raw_row_index,fold,target,failure_score,prediction_at_0_5
1509,1,1,0.0031196760024387506,0
1595,1,1,0.22814851951658846,0
1654,1,0,0.7895897736443116,1
1682,1,1,0.026840138615049036,0
1747,1,0,0.6109332271533204,1
1756,1,0,0.6061197180126248,1
1763,1,1,0.0016777284065883687,0
1824,1,0,0.5687106656640458,1
1996,1,1,0.0014876267123705839,0
2015,1,1,0.44401702348702804,0
2053,1,0,0.6981894207043455,1
2130,1,0,0.5036518736243308,1
2142,1,0,0.7338019332193296,1
2166,1,1,0.014864956601296537,0
2221,1,0,0.7045039649538929,1
2231,1,0,0.6664200168213023,1
2244,1,1,0.012478412327466689,0
2326,1,0,0.5134467349095442,1
2331,1,1,0.4748670947150412,0
2332,1,1,0.21409361522028408,0
2426,1,1,0.2864640212261563,0
2492,1,0,0.5698402403449971,1
2494,1,1,0.19749963084911326,0
2671,1,1,0.006507418541363377,0
2705,1,0,0.571679972811666,1
2749,1,1,0.0029079382791106405,0
2845,1,0,0.5785545203135678,1
2848,1,0,0.6491077503039007,1
2864,1,1,0.10270827645010387,0
2879,1,1,0.3700477545587796,0
2904,1,0,0.8250032190241753,1
2926,1,0,0.657651966944734,1
2940,1,0,0.7753623768087866,1
2941,1,1,0.03266858076770305,0
2997,1,0,0.8042961648124412,1
2999,1,0,0.8486261413483435,1
3019,2,1,0.1849970534166952,0
3140,2,1,0.2816954130221541,0
3236,2,1,0.1839444175648382,0
3266,2,1,0.077614923817815,0
3350,2,1,0.3069200076613431,0
3356,2,1,0.24867032621423216,0
3369,2,1,0.3136823812019801,0
3457,2,1,0.21336320439559528,0
3528,2,1,0.1255727318337941,0
3529,2,1,0.023498014030285667,0
3611,2,1,0.02179573998594818,0
3684,2,1,0.4364574252410337,0
3695,2,1,0.006628788020754511,0
3760,2,1,0.007722021856577586,0
3787,2,1,0.0005315120238141895,0
3793,2,1,0.0012773352459685458,0
3806,2,1,0.0002512123275703765,0
3814,2,1,0.029612840120392017,0
3829,2,1,0.003572233187597711,0
3865,2,1,0.010339234409827472,0
3867,2,1,0.15929665063029236,0
3935,2,1,0.4400230057317318,0
4002,2,1,0.4555450554857872,0
4024,2,1,0.380727446955823,0
4032,2,1,0.08653084754393742,0
4034,2,1,0.0030781710787475907,0
4044,2,1,0.000716305629050458,0
4048,2,1,0.46595958083327405,0
4071,2,1,0.46550546021588446,0
4078,2,1,0.060929768032815565,0
4080,2,1,0.0674304568101389,0
4081,2,1,0.05631971887563201,0
4087,2,1,0.047830027520051895,0
4096,2,1,0.02780792979271071,0
4117,2,1,0.1525239137358698,0
4119,2,1,0.005211122957647755,0
4120,2,1,0.011570487799249227,0
4121,2,1,0.016622392963207843,0
4130,2,1,0.021503470774456614,0
4138,2,1,0.008293105881910543,0
4140,2,1,0.04083194551458258,0
4151,2,1,0.0013400941073486074,0
4153,2,1,0.0017633519855252112,0
4155,2,1,0.0007125412576551858,0
4157,2,1,0.02915292245525765,0
4164,2,1,0.0021602447961799605,0
4170,2,1,0.008715811228221642,0
4173,2,1,0.004357025720258087,0
4179,2,1,0.002943867706940318,0
4182,2,1,0.06353356036847081,0
4184,2,1,0.02935899767262407,0
4185,2,1,0.008275151512204771,0
4207,2,1,0.009178981829315334,0
4211,2,1,0.0009648975529924402,0
4225,2,1,0.0011526894257928328,0
4247,2,1,0.09633659115095551,0
4249,2,1,0.024787651068963915,0
4251,2,1,0.016566588516494306,0
4253,2,1,0.0016636622598048209,0
4254,2,1,0.3834947454357895,0
4258,2,1,0.06038065519862633,0
4270,2,1,0.016715572063277895,0
4279,2,1,0.005571953945139308,0
4282,2,1,0.020765215332436124,0
4283,2,1,0.3218999082314722,0
4285,2,1,0.012530438781667886,0
4292,2,1,0.33126989915140326,0
4307,2,1,0.02208953020278867,0
4323,2,1,0.0022481975480756803,0
4326,2,1,0.018735628824462603,0
4328,2,1,0.0011825361480589443,0
4342,2,1,0.3646444989791549,0
4353,2,1,0.44749597565638505,0
4355,2,1,0.031701396820913046,0
4361,2,1,0.010665110243230138,0
4370,2,1,0.17542845734823453,0
4385,2,1,0.056544841539753726,0
4389,2,1,0.00012184099731115036,0
4391,2,1,0.0012723940506929139,0
4400,2,1,0.0018662049501584946,0
4405,2,1,0.0003396129561626016,0
4406,2,1,0.019674165235838887,0
4409,2,1,0.007633341272533678,0
4417,2,1,0.4388004495072249,0
4421,2,1,0.12813050396049214,0
4427,2,1,0.004206691112062002,0
4435,2,1,0.014641062239248303,0
4441,2,1,0.010994552723277288,0
4448,2,1,0.03206839111877829,0
4449,2,1,0.06534256772815131,0
4469,2,1,0.00862363389336657,0
4475,2,1,5.5677731731660516e-05,0
4480,2,1,0.0017008969780536603,0
4495,2,1,0.025627504232734057,0
4501,3,1,0.12137017923646397,0
4527,3,1,0.03313083425305621,0
4533,3,1,0.23185868726639175,0
4536,3,1,0.04467091767897524,0
4544,3,1,0.44676651846603876,0
4547,3,0,0.5815851960343751,1
4556,3,1,0.02907116923733297,0
4558,3,1,0.017753828951895992,0
4565,3,1,0.03969310735286737,0
4570,3,1,0.04279970287805425,0
4579,3,1,0.037286158372628,0
4596,3,1,0.04273376680324638,0
4600,3,1,0.021062116723207062,0
4601,3,1,0.2196268090836979,0
4603,3,0,0.6896968980746054,1
4611,3,1,0.4125940468429523,0
4613,3,0,0.5062122420362318,1
4618,3,1,0.18680932383941873,0
4620,3,1,0.214386972225726,0
4621,3,1,0.15895311412257979,0
4632,3,1,0.2466226823642187,0
4642,3,1,0.22219464246107082,0
4643,3,1,0.407922688402725,0
4646,3,1,0.37457804496697755,0
4651,3,1,0.034298447702386395,0
4661,3,1,0.02276701137952051,0
4665,3,1,0.05866394862320513,0
4669,3,1,0.02191903727080834,0
4684,3,1,0.03083291988334849,0
4718,3,1,0.4955365266526529,0
4720,3,1,0.02978853427201435,0
4723,3,1,0.23306438636956114,0
4727,3,1,0.06342363811643806,0
4731,3,1,0.037744215045848746,0
4737,3,1,0.12239054473501593,0
4739,3,1,0.06944333277491223,0
4748,3,1,0.017333131969275127,0
4755,3,1,0.03043189045129497,0
4759,3,1,0.02249734909607473,0
4761,3,1,0.06593007889055948,0
4768,3,1,0.07457032685416673,0
4770,3,1,0.04586152072238103,0
4778,3,1,0.19258121737129485,0
4814,3,1,0.46475870153707155,0
4816,3,1,0.030495432121306548,0
4831,3,1,0.10625824974824884,0
4833,3,1,0.004206889029128581,0
4836,3,1,0.3623673872636268,0
4840,3,1,0.4893536977761911,0
4844,3,1,0.03026041915669589,0
4851,3,1,0.10404907239701221,0
4898,3,0,0.5818238278677644,1
4960,3,0,0.7194418508885497,1
4976,3,1,0.4890493151234503,0
4984,3,1,0.3458668638350848,0
4988,3,1,0.20642226882554646,0
5141,3,1,0.01443317449571693,0
5152,3,0,0.6243338095687858,1
5192,3,0,0.5656343759257273,1
5200,3,0,0.6695204845771575,1
5309,3,1,0.12918052482034764,0
5399,3,1,0.4019565586688555,0
5400,3,1,0.18893705264249938,0
5471,3,0,0.567442619011437,1
5488,3,1,0.37904428045078,0
5490,3,1,0.4432977880884348,0
5536,3,1,0.08997118716023013,0
5734,3,1,0.4016861943321658,0
5941,3,1,0.024389084197510857,0
5999,3,1,0.012661457183749116,0
